epoch,time,train/box_loss,train/cls_loss,train/dfl_loss,metrics/precision(B),metrics/recall(B),metrics/mAP50(B),metrics/mAP50-95(B),val/box_loss,val/cls_loss,val/dfl_loss,lr/pg0,lr/pg1,lr/pg2
1,1600.28,1.90517,2.84987,1.95067,0.14245,0.19941,0.07946,0.0263,2.18587,6.11565,2.26269,0.000666133,0.000666133,0.000666133
2,1465.65,1.94116,2.91972,1.9988,0.1608,0.19352,0.10058,0.03211,2.20665,4.29963,2.28573,0.00106891,0.00106891,0.00106891
3,2970.92,1.9609,2.93687,2.00214,0.23592,0.16199,0.12187,0.04216,2.11116,3.3619,2.13831,0.00120768,0.00120768,0.00120768
4,4444.69,1.93098,2.8716,1.98055,0.17289,0.2833,0.11358,0.03943,1.99399,4.37935,2.15998,0.000812,0.000812,0.000812
5,5903.32,1.8784,2.78398,1.9394,0.29501,0.24062,0.20633,0.07311,1.97359,3.39747,2.0715,0.000416,0.000416,0.000416
