epoch,time,train/box_loss,train/cls_loss,train/dfl_loss,metrics/precision(B),metrics/recall(B),metrics/mAP50(B),metrics/mAP50-95(B),val/box_loss,val/cls_loss,val/dfl_loss,lr/pg0,lr/pg1,lr/pg2
1,1490.74,2.37215,4.6947,2.32638,0.007,0.71008,0.04748,0.01525,2.3557,4.9303,2.37913,0.000666133,0.000666133,0.000666133
2,3010.34,2.18527,3.38829,2.17029,0.06736,0.23105,0.05255,0.01719,2.26851,4.94207,2.45331,0.00106891,0.00106891,0.00106891
3,1434.34,2.09302,3.20897,2.09054,0.0813,0.37454,0.07885,0.02554,2.16697,4.31973,2.22084,0.00120768,0.00120768,0.00120768
4,2889.28,2.00032,3.02586,2.02192,0.25253,0.20824,0.14826,0.05464,2.08864,3.26711,2.14245,0.000812,0.000812,0.000812
5,4340.77,1.94364,2.89952,1.97663,0.26319,0.24724,0.15323,0.0509,2.0438,3.45788,2.1997,0.000416,0.000416,0.000416
